,Weather,Road_Type,Time_of_Day,Traffic_Density,Speed_Limit,Number_of_Vehicles,Driver_Alcohol,Accident_Severity,Road_Condition,Vehicle_Type,Driver_Age,Driver_Experience,Road_Light_Condition,Accident
1,0,3,3,1.0013175230566536,120.0,3.0,0.0,2,3,3,49.0,43.0,0,0.0
2,2,1,1,1.0,60.0,4.0,0.0,1,1,1,54.0,52.0,0,0.0
3,0,0,0,2.0,60.0,3.0,0.0,1,2,0,34.0,31.0,1,0.0
4,2,1,2,1.0,195.0,11.0,0.0,1,0,1,62.0,55.0,0,1.0
5,0,3,3,0.0,120.0,3.0,0.0,2,4,3,49.0,43.0,0,0.0
6,1,1,0,0.0,60.0,4.0,0.0,1,0,3,27.0,26.0,1,1.0
7,2,0,0,0.0,60.0,4.0,0.0,1,0,1,29.0,22.0,0,1.0
8,4,1,2,1.0,60.0,2.0,0.0,0,1,1,38.0,29.0,0,0.0
9,2,0,0,2.0,30.0,2.0,0.0,1,0,3,50.0,48.0,0,0.0
10,1,4,1,1.0013175230566536,60.0,2.0,0.0,2,0,1,33.0,28.0,0,0.3029100529100529
11,0,2,3,2.0,100.0,5.0,0.0,1,0,2,47.0,38.0,0,1.0
13,2,0,3,0.0,30.0,1.0,1.0,2,4,2,67.0,63.0,0,1.0
14,0,3,2,0.0,71.4287598944591,1.0,0.0,1,4,1,61.0,57.0,0,0.0
15,0,3,3,0.0,60.0,5.0,0.0,1,3,3,46.0,39.06578947368421,0,0.0
16,2,0,4,0.0,60.0,5.0,0.0,2,3,1,48.0,41.0,1,0.0
18,1,0,3,1.0,60.0,3.0,0.0,2,3,2,35.0,32.0,2,0.0
19,0,0,0,1.0,50.0,1.0,0.0,2,0,1,59.0,53.0,1,1.0
20,0,0,2,2.0,60.0,2.0,0.0,1,0,1,27.0,23.0,1,0.0
21,1,3,1,0.0,100.0,5.0,0.0,2,1,1,32.0,24.0,3,0.0
22,0,1,2,0.0,30.0,1.0,0.0,1,0,1,53.0,47.0,1,0.0
23,2,3,0,0.0,30.0,4.0,1.0,1,2,4,69.0,64.0,1,0.0
24,2,1,2,1.0,50.0,3.0,0.0,1,4,1,68.0,60.0,1,1.0
25,2,1,0,0.0,100.0,3.0,0.0,0,3,1,28.0,25.0,0,0.0
26,1,3,2,1.0,60.0,2.0,1.0,2,2,1,40.0,38.0,0,1.0
27,5,0,1,0.0,100.0,2.0,0.0,1,0,1,30.0,23.0,0,0.0
28,4,4,0,2.0,80.0,3.0,0.0,2,2,3,60.0,57.0,1,1.0
29,0,0,0,1.0,80.0,3.2817460317460316,0.0,2,2,4,66.0,65.0,0,0.0
30,2,1,2,1.0,80.0,1.0,0.0,1,0,1,43.33509234828496,24.0,2,0.0
31,5,1,0,1.0,30.0,5.0,0.0,2,0,1,63.0,55.0,0,1.0
32,1,1,3,0.0,100.0,1.0,0.0,1,2,1,59.0,57.0,0,0.0
33,0,1,2,1.0,60.0,3.0,0.0,1,1,1,65.0,57.0,0,1.0
34,2,2,0,1.0,60.0,1.0,0.0,1,0,1,18.0,13.0,2,0.0
35,4,1,2,1.0,71.4287598944591,5.0,0.16116248348745046,2,0,1,33.0,31.0,1,0.0
36,0,0,1,2.0,50.0,5.0,1.0,1,0,1,55.0,52.0,3,0.0
37,2,1,1,0.0,120.0,5.0,0.0,0,0,1,38.0,39.06578947368421,0,0.0
38,0,1,2,2.0,100.0,5.0,0.0,1,2,1,46.0,39.06578947368421,1,1.0
39,0,0,3,0.0,71.4287598944591,4.0,0.0,0,1,1,33.0,25.0,0,1.0
40,2,4,3,1.0,50.0,5.0,0.0,1,2,3,45.0,36.0,1,1.0
41,0,1,2,0.0,60.0,5.0,0.0,1,2,1,40.0,37.0,0,0.0
42,1,1,3,0.0,60.0,5.0,0.0,1,0,1,69.0,63.0,1,0.0
43,3,4,1,2.0,50.0,5.0,1.0,2,0,1,33.0,32.0,0,0.0
44,1,1,1,0.0,60.0,1.0,1.0,1,3,1,22.0,21.0,1,0.0
45,2,2,0,0.0,60.0,5.0,1.0,0,0,0,26.0,25.0,1,0.0
46,0,1,3,1.0,30.0,1.0,0.0,1,3,1,59.0,54.0,0,0.0
47,0,1,3,1.0,30.0,1.0,1.0,2,0,1,58.0,39.06578947368421,1,1.0
48,0,0,0,1.0,60.0,5.0,0.0,1,0,3,23.0,14.0,1,0.0
49,0,1,1,0.0,50.0,2.0,1.0,1,0,3,43.33509234828496,39.06578947368421,0,0.0
50,2,0,2,0.0,60.0,4.0,1.0,1,0,1,43.33509234828496,48.0,0,0.0
51,0,1,1,0.0,80.0,5.0,0.0,2,3,1,57.0,55.0,1,1.0
52,0,1,2,0.0,60.0,4.0,0.0,1,0,1,26.0,25.0,0,0.0
53,0,1,4,2.0,60.0,5.0,0.0,1,0,3,34.0,25.0,0,1.0
54,3,0,2,2.0,80.0,1.0,0.0,1,3,3,27.0,19.0,3,0.0
55,2,0,0,2.0,100.0,3.0,0.0,1,0,1,57.0,49.0,3,0.0
56,1,1,0,1.0,50.0,5.0,0.0,1,1,1,43.0,39.0,0,1.0
57,2,2,1,0.0,50.0,4.0,0.16116248348745046,1,3,1,41.0,41.0,1,0.3029100529100529
58,2,1,0,0.0,100.0,4.0,1.0,2,0,1,23.0,16.0,0,0.0
59,1,1,1,2.0,100.0,5.0,1.0,1,0,1,64.0,55.0,1,1.0
60,0,1,2,0.0,71.4287598944591,5.0,0.0,2,3,1,45.0,41.0,0,0.0
61,2,4,1,1.0,50.0,2.0,0.0,2,2,1,67.0,58.0,2,0.0
62,2,0,0,1.0,200.0,12.0,0.16116248348745046,2,1,1,54.0,53.0,0,0.0
63,0,1,1,2.0,120.0,5.0,0.16116248348745046,1,2,1,42.0,39.0,2,0.0
64,0,0,2,2.0,50.0,1.0,0.0,1,0,1,67.0,66.0,0,0.0
65,0,1,0,1.0,80.0,3.0,1.0,1,0,1,56.0,48.0,2,0.0
66,1,3,2,0.0,80.0,4.0,0.0,1,0,2,40.0,32.0,1,0.0
67,2,1,3,1.0,30.0,1.0,0.0,1,0,1,54.0,54.0,1,0.0
68,0,1,0,2.0,80.0,3.0,0.0,1,0,1,52.0,43.0,0,0.0
69,0,1,1,2.0,71.4287598944591,4.0,0.0,2,3,1,44.0,37.0,1,0.0
70,5,2,1,1.0013175230566536,206.0,13.0,0.0,1,1,2,20.0,17.0,3,0.0
71,1,1,1,2.0,30.0,5.0,0.0,0,3,1,35.0,26.0,0,1.0
72,2,1,0,0.0,120.0,3.0,0.16116248348745046,2,0,3,43.33509234828496,39.0,0,1.0
73,0,0,1,1.0,80.0,3.0,0.0,2,1,1,35.0,31.0,3,0.0
74,3,1,2,2.0,60.0,4.0,0.0,1,3,1,50.0,43.0,1,1.0
75,2,1,0,0.0,60.0,4.0,0.0,1,2,1,65.0,60.0,1,0.0
76,0,1,0,1.0,50.0,3.0,0.0,2,4,2,41.0,38.0,1,1.0
77,2,3,0,0.0,60.0,2.0,0.0,2,2,1,59.0,53.0,1,0.0
78,0,1,2,2.0,50.0,3.0,0.0,1,1,1,24.0,21.0,0,0.0
79,5,1,3,1.0,30.0,3.2817460317460316,0.0,1,3,1,59.0,54.0,0,0.0
80,5,1,1,0.0,30.0,5.0,0.0,2,0,1,65.0,59.0,1,1.0
81,0,1,0,2.0,80.0,2.0,0.16116248348745046,1,3,1,19.0,19.0,1,0.0
82,2,1,1,0.0,100.0,2.0,0.0,1,1,3,37.0,29.0,1,1.0
83,2,1,0,0.0,60.0,2.0,0.0,1,0,1,26.0,23.0,0,0.0
84,2,0,0,0.0,80.0,4.0,0.0,0,4,1,22.0,39.06578947368421,0,0.0
85,1,3,2,0.0,30.0,3.0,0.0,0,0,1,42.0,42.0,0,0.0
86,0,1,1,0.0,80.0,2.0,0.0,1,1,1,69.0,64.0,0,1.0
87,3,1,3,2.0,50.0,4.0,0.0,0,0,0,21.0,14.0,1,0.0
88,0,1,1,2.0,60.0,5.0,1.0,2,1,1,68.0,65.0,0,0.0
89,0,0,3,2.0,80.0,1.0,0.0,1,0,1,55.0,46.0,2,0.0
90,0,0,0,2.0,60.0,4.0,0.0,0,3,4,41.0,41.0,0,1.0
91,0,1,1,0.0,71.4287598944591,2.0,1.0,2,0,3,39.0,37.0,0,1.0
92,1,2,1,2.0,50.0,2.0,0.0,0,1,3,21.0,18.0,2,0.0
93,0,2,0,0.0,60.0,1.0,0.0,1,0,0,65.0,57.0,0,0.0
94,3,2,2,0.0,50.0,4.0,0.0,1,1,1,55.0,52.0,2,0.0
95,0,2,0,1.0,100.0,2.0,0.0,1,0,4,28.0,26.0,0,1.0
96,3,1,0,2.0,50.0,5.0,0.0,1,2,2,30.0,21.0,0,0.0
97,0,1,3,2.0,60.0,2.0,1.0,1,0,0,65.0,57.0,0,1.0
98,2,1,0,2.0,80.0,3.0,1.0,1,0,2,62.0,60.0,1,1.0
99,0,1,0,1.0,50.0,3.0,0.0,2,0,1,24.0,22.0,0,0.0
101,0,0,1,1.0,80.0,2.0,0.0,1,0,4,19.0,13.0,0,0.0
102,2,0,0,1.0,30.0,5.0,1.0,2,1,1,54.0,53.0,0,0.0
103,2,0,0,1.0,178.0,12.0,0.0,2,3,1,67.0,59.0,1,1.0
104,2,1,0,0.0,60.0,1.0,0.0,1,2,1,34.0,30.0,1,0.0
105,1,1,2,1.0,100.0,2.0,1.0,1,0,4,61.0,60.0,2,0.3029100529100529
106,0,0,0,1.0,100.0,5.0,0.0,2,1,1,34.0,26.0,0,0.0
107,2,1,2,1.0,60.0,5.0,0.0,2,2,1,25.0,39.06578947368421,0,1.0
108,2,1,1,2.0,60.0,2.0,1.0,1,2,1,43.33509234828496,38.0,0,1.0
109,0,0,2,1.0,120.0,1.0,0.0,2,3,1,65.0,58.0,0,0.3029100529100529
110,2,0,0,1.0,60.0,2.0,0.0,0,0,2,21.0,19.0,1,0.0
111,3,3,0,1.0,60.0,1.0,0.0,0,0,1,43.0,42.0,0,1.0
112,2,4,2,2.0,30.0,2.0,0.0,1,1,1,52.0,51.0,1,0.0
113,3,3,1,1.0,50.0,5.0,0.0,1,3,2,64.0,56.0,2,0.0
114,1,0,2,0.0,100.0,1.0,0.0,1,0,3,34.0,34.0,0,0.3029100529100529
115,0,3,0,1.0,60.0,1.0,0.0,1,1,1,60.0,56.0,1,0.0
116,0,0,2,0.0,80.0,1.0,0.0,1,3,2,50.0,42.0,2,0.0
117,2,2,0,1.0,60.0,1.0,0.0,1,0,1,18.0,39.06578947368421,2,0.0
118,0,3,2,2.0,60.0,2.0,0.16116248348745046,2,0,1,43.33509234828496,10.0,1,1.0
119,2,3,2,1.0,60.0,4.0,0.16116248348745046,1,0,1,33.0,30.0,2,0.0
121,2,1,1,0.0,60.0,3.0,0.0,1,1,1,43.33509234828496,13.0,0,0.0
122,0,0,2,1.0,60.0,3.0,0.0,1,3,1,32.0,27.0,1,0.0
123,5,4,4,1.0,208.0,11.0,0.0,1,1,2,52.0,50.0,0,0.0
124,0,0,0,2.0,50.0,5.0,1.0,1,0,1,36.0,33.0,1,1.0
125,0,0,2,0.0,80.0,1.0,0.0,2,0,2,36.0,36.0,0,1.0
126,0,1,0,1.0,50.0,5.0,0.0,2,0,1,27.0,20.0,0,1.0
127,3,0,3,0.0,60.0,3.0,0.0,2,0,1,45.0,43.0,1,0.0
128,5,3,3,1.0,80.0,4.0,0.0,1,3,1,68.0,67.0,1,0.0
129,2,1,2,0.0,60.0,4.0,0.0,2,0,1,69.0,69.0,2,1.0
130,0,0,4,0.0,50.0,1.0,0.0,2,2,1,43.0,40.0,0,0.0
131,3,0,3,1.0,100.0,3.0,0.0,0,0,0,33.0,25.0,0,0.0
132,0,1,1,0.0,120.0,5.0,0.0,2,2,3,53.0,53.0,3,0.0
133,0,0,2,2.0,50.0,1.0,0.0,1,0,1,62.0,53.0,0,1.0
134,0,1,0,2.0,50.0,1.0,0.0,1,2,3,60.0,52.0,0,0.0
135,1,1,1,1.0,100.0,3.2817460317460316,0.0,2,3,1,25.0,39.06578947368421,0,0.0
136,2,3,0,2.0,60.0,1.0,0.0,2,0,1,30.0,27.0,1,0.3029100529100529
137,0,1,0,2.0,60.0,4.0,0.0,1,3,1,62.0,61.0,3,0.0
138,1,0,0,0.0,100.0,4.0,0.0,0,0,3,63.0,62.0,0,1.0
139,2,0,3,2.0,50.0,2.0,0.16116248348745046,2,2,2,30.0,25.0,1,0.0
140,0,0,3,1.0,60.0,1.0,0.16116248348745046,1,0,1,54.0,54.0,2,1.0
141,3,1,0,2.0,50.0,5.0,0.0,1,1,3,58.0,55.0,1,0.0
143,2,3,0,0.0,80.0,2.0,0.0,1,0,1,45.0,39.0,0,0.0
145,5,1,1,2.0,50.0,3.0,0.0,1,3,1,64.0,55.0,2,0.0
146,4,0,1,2.0,60.0,2.0,1.0,0,0,3,65.0,57.0,1,0.0
147,0,0,1,1.0,30.0,4.0,1.0,2,0,1,42.0,36.0,0,0.0
148,0,3,2,0.0,60.0,2.0,0.0,1,1,1,68.0,61.0,2,0.0
149,2,1,4,2.0,60.0,1.0,0.0,1,4,1,46.0,39.06578947368421,0,0.0
150,5,1,2,1.0,80.0,3.0,0.0,1,0,1,30.0,27.0,1,1.0
151,2,1,2,1.0,80.0,1.0,1.0,1,3,1,47.0,39.0,1,0.0
153,2,1,2,1.0013175230566536,30.0,2.0,0.0,0,2,1,44.0,43.0,1,1.0
154,0,1,1,2.0,80.0,1.0,0.0,1,4,4,48.0,44.0,2,1.0
155,5,1,0,2.0,71.4287598944591,4.0,0.0,1,1,3,26.0,26.0,0,0.0
156,0,1,1,1.0,100.0,2.0,0.0,2,0,4,68.0,60.0,0,0.0
157,2,0,2,1.0,100.0,1.0,0.0,1,3,1,18.0,10.0,0,0.0
158,0,3,3,1.0,50.0,2.0,1.0,1,0,1,27.0,26.0,0,1.0
159,5,2,3,2.0,80.0,3.0,0.0,1,4,2,23.0,39.06578947368421,0,0.0
160,1,0,2,1.0,50.0,5.0,0.0,1,3,1,43.33509234828496,12.0,0,0.3029100529100529
161,2,1,1,1.0013175230566536,100.0,3.0,0.0,1,4,1,41.0,33.0,0,1.0
162,2,1,2,1.0,60.0,1.0,0.0,1,0,1,32.0,29.0,1,0.0
164,0,0,0,0.0,213.0,11.0,0.0,1,0,2,65.0,56.0,1,1.0
165,2,3,1,2.0,50.0,4.0,0.0,1,0,1,46.0,42.0,0,0.0
166,0,4,2,2.0,60.0,2.0,0.0,1,1,1,28.0,22.0,0,1.0
167,2,1,1,0.0,60.0,3.0,0.0,1,3,1,65.0,59.0,0,0.0
168,1,1,2,1.0013175230566536,80.0,2.0,0.16116248348745046,2,0,1,35.0,34.0,0,1.0
169,1,1,0,1.0,80.0,3.0,0.0,2,0,1,43.33509234828496,26.0,2,0.0
170,2,1,1,1.0,30.0,1.0,0.0,1,0,1,25.0,18.0,1,0.0
171,0,4,2,0.0,30.0,3.0,0.0,1,0,1,21.0,13.0,2,1.0
172,2,1,1,2.0,30.0,2.0,1.0,1,3,1,69.0,63.0,1,0.0
173,2,1,3,0.0,120.0,3.0,0.0,2,0,2,20.0,19.0,3,0.0
174,2,1,3,1.0013175230566536,120.0,5.0,0.0,2,2,1,64.0,58.0,0,0.0
175,0,1,1,2.0,80.0,2.0,0.0,2,0,1,52.0,45.0,1,0.0
176,0,3,1,1.0,60.0,5.0,0.0,2,0,3,37.0,33.0,1,1.0
177,0,3,0,1.0013175230566536,80.0,3.2817460317460316,0.0,1,0,2,56.0,53.0,1,0.0
178,1,1,1,0.0,60.0,2.0,0.0,2,0,4,62.0,53.0,0,0.0
179,0,1,0,0.0,100.0,2.0,0.0,1,0,1,43.33509234828496,22.0,1,0.0
180,0,3,0,1.0,50.0,1.0,0.0,1,0,1,29.0,22.0,2,1.0
181,2,0,0,2.0,60.0,3.0,0.0,1,0,1,37.0,30.0,0,0.0
182,2,1,0,0.0,80.0,4.0,0.0,0,0,1,42.0,34.0,3,1.0
183,0,4,2,1.0,100.0,5.0,0.0,1,3,3,69.0,61.0,1,0.0
184,0,0,0,1.0013175230566536,50.0,4.0,0.0,2,0,1,49.0,47.0,1,0.0
185,0,1,2,0.0,60.0,4.0,1.0,0,3,3,36.0,27.0,1,0.0
187,5,1,2,2.0,80.0,5.0,0.16116248348745046,2,3,1,57.0,54.0,1,1.0
189,0,1,3,0.0,60.0,5.0,0.0,2,0,3,36.0,31.0,1,1.0
190,0,1,1,0.0,60.0,2.0,1.0,1,3,4,52.0,50.0,1,0.0
191,0,0,2,2.0,30.0,3.0,0.0,0,0,1,47.0,38.0,0,0.0
192,3,1,2,0.0,30.0,1.0,0.16116248348745046,2,3,2,24.0,15.0,0,0.0
193,0,3,0,2.0,30.0,1.0,0.0,1,3,3,53.0,50.0,1,1.0
194,0,0,0,2.0,100.0,3.2817460317460316,0.0,1,1,1,50.0,43.0,0,1.0
195,0,0,0,1.0013175230566536,60.0,1.0,1.0,0,1,0,41.0,35.0,1,1.0
196,0,1,2,2.0,60.0,3.0,0.0,2,0,2,56.0,51.0,0,0.0
197,0,4,0,1.0,60.0,5.0,0.0,1,0,1,50.0,41.0,0,0.0
198,2,1,1,2.0,80.0,2.0,0.0,0,0,2,52.0,46.0,1,0.0
199,0,0,4,2.0,50.0,2.0,0.0,1,1,1,34.0,26.0,0,0.0
200,5,1,2,0.0,60.0,3.0,0.16116248348745046,1,3,1,20.0,17.0,0,0.0
201,0,4,2,2.0,100.0,1.0,0.16116248348745046,1,0,1,37.0,31.0,0,1.0
202,0,1,1,1.0,71.4287598944591,3.0,0.0,1,0,1,28.0,23.0,0,1.0
203,2,1,0,1.0,60.0,2.0,0.0,1,0,1,35.0,27.0,1,0.0
204,5,1,1,2.0,71.4287598944591,3.0,0.0,2,0,3,48.0,40.0,1,0.0
205,2,1,1,2.0,60.0,3.0,0.0,1,2,1,46.0,41.0,3,0.0
206,4,0,1,0.0,190.0,14.0,1.0,0,0,1,69.0,62.0,0,1.0
207,1,0,2,1.0013175230566536,60.0,4.0,0.0,1,3,1,51.0,43.0,1,1.0
208,2,1,2,0.0,60.0,3.2817460317460316,0.0,1,0,4,68.0,39.06578947368421,0,0.0
209,3,4,0,0.0,80.0,5.0,0.0,1,3,1,45.0,41.0,0,1.0
210,0,1,0,0.0,60.0,4.0,0.0,0,1,1,19.0,15.0,0,0.0
211,2,0,3,2.0,100.0,3.0,0.0,2,2,1,44.0,37.0,1,0.0
212,5,0,2,0.0,71.4287598944591,5.0,0.0,1,0,1,65.0,63.0,2,0.0
213,2,1,1,1.0,196.0,11.0,0.0,2,1,1,38.0,32.0,1,0.0
214,0,0,4,2.0,60.0,1.0,1.0,2,0,1,34.0,31.0,0,1.0
215,0,1,3,0.0,60.0,1.0,0.0,1,1,1,31.0,22.0,0,0.0
216,2,0,1,1.0,80.0,1.0,0.0,1,3,1,33.0,33.0,1,0.0
217,2,1,0,1.0,71.4287598944591,4.0,0.0,0,0,1,18.0,11.0,0,0.0
218,0,1,2,0.0,100.0,4.0,0.0,1,1,4,50.0,50.0,1,0.0
219,4,3,1,1.0,80.0,2.0,0.0,1,1,1,21.0,14.0,3,1.0
220,0,3,0,1.0,50.0,3.0,0.0,1,0,2,35.0,34.0,0,0.0
221,0,3,1,2.0,80.0,3.2817460317460316,1.0,1,3,1,18.0,15.0,0,0.0
222,0,1,2,1.0,80.0,1.0,0.0,2,1,1,45.0,36.0,2,0.0
223,2,0,2,1.0013175230566536,30.0,4.0,1.0,1,0,1,69.0,62.0,1,1.0
224,1,1,0,0.0,50.0,2.0,0.0,1,0,1,69.0,63.0,1,0.0
225,1,0,3,1.0,80.0,5.0,0.0,1,3,2,43.0,39.06578947368421,0,0.0
226,5,1,3,1.0,60.0,2.0,0.0,1,1,1,24.0,17.0,1,0.3029100529100529
227,3,0,0,1.0,50.0,3.0,0.0,1,4,1,56.0,54.0,2,0.0
228,1,0,3,0.0,188.0,10.0,1.0,1,1,1,33.0,27.0,0,0.0
229,0,1,3,2.0,80.0,1.0,0.0,0,1,1,46.0,41.0,1,0.0
230,0,1,1,2.0,100.0,4.0,0.0,2,1,3,52.0,43.0,1,0.0
231,1,1,0,0.0,80.0,4.0,0.0,2,1,2,32.0,39.06578947368421,0,0.0
232,0,1,2,1.0,100.0,4.0,0.0,2,0,2,62.0,57.0,0,1.0
233,2,0,2,1.0,50.0,4.0,0.0,1,0,1,36.0,33.0,0,0.0
234,2,1,0,0.0,60.0,2.0,0.16116248348745046,2,0,3,29.0,24.0,1,0.0
235,2,0,1,1.0,60.0,3.2817460317460316,0.0,1,1,1,36.0,32.0,0,0.0
236,2,3,1,1.0,50.0,3.2817460317460316,0.0,2,2,1,67.0,39.06578947368421,2,0.0
237,2,0,0,2.0,30.0,2.0,0.0,1,2,2,68.0,66.0,1,0.0
238,1,0,0,2.0,30.0,3.0,0.0,1,0,1,62.0,59.0,1,0.0
239,2,1,0,2.0,100.0,3.0,0.0,0,3,1,43.0,38.0,0,0.0
240,0,3,3,2.0,50.0,3.0,0.16116248348745046,1,1,1,54.0,48.0,0,1.0
241,0,1,2,1.0,60.0,5.0,0.0,1,3,3,63.0,60.0,0,0.0
242,4,1,1,1.0,195.0,14.0,0.0,2,0,1,46.0,38.0,2,0.0
243,2,0,4,2.0,100.0,1.0,1.0,1,0,2,48.0,46.0,0,0.0
244,0,3,2,1.0,194.0,3.2817460317460316,1.0,1,2,3,31.0,24.0,0,0.0
245,2,2,0,1.0,71.4287598944591,4.0,0.0,0,4,1,42.0,41.0,0,0.0
247,1,0,1,1.0,60.0,3.0,0.16116248348745046,2,1,1,59.0,51.0,0,1.0
248,0,0,0,1.0,80.0,1.0,1.0,1,0,1,37.0,31.0,0,0.0
249,1,1,1,2.0,60.0,1.0,0.0,1,0,1,43.0,43.0,1,0.0
250,0,1,0,2.0,100.0,4.0,0.0,1,2,3,27.0,26.0,1,0.0
251,0,4,2,0.0,60.0,3.2817460317460316,0.0,1,3,1,18.0,10.0,1,0.0
253,0,1,0,1.0,80.0,5.0,0.0,1,1,1,29.0,28.0,0,0.0
254,2,3,2,0.0,100.0,4.0,0.0,1,4,1,41.0,41.0,0,0.0
255,0,1,1,2.0,80.0,5.0,0.0,1,2,1,43.33509234828496,53.0,3,0.0
256,2,0,2,2.0,80.0,1.0,0.0,1,2,1,46.0,43.0,0,0.0
257,0,1,0,0.0,50.0,5.0,0.0,2,0,1,24.0,18.0,1,0.0
258,3,3,0,2.0,50.0,2.0,0.0,2,3,1,44.0,39.06578947368421,0,1.0
259,0,2,0,0.0,50.0,4.0,1.0,2,0,2,66.0,59.0,0,0.0
260,1,0,2,1.0013175230566536,60.0,1.0,0.0,2,3,1,46.0,41.0,1,0.0
261,2,1,0,0.0,60.0,4.0,0.0,1,2,1,65.0,60.0,1,0.0
262,2,1,4,0.0,60.0,3.0,0.0,1,0,1,63.0,61.0,1,0.0
263,2,0,1,1.0,71.4287598944591,2.0,1.0,1,3,1,59.0,50.0,1,0.0
264,3,1,0,1.0,60.0,5.0,0.0,1,0,3,61.0,60.0,0,0.0
265,0,1,1,2.0,60.0,1.0,0.0,2,3,3,50.0,45.0,0,0.0
266,0,3,0,2.0,80.0,5.0,0.0,1,3,1,42.0,36.0,0,1.0
267,0,1,0,1.0,80.0,3.0,0.0,1,0,1,24.0,24.0,1,0.0
268,4,1,2,1.0,50.0,2.0,0.0,1,0,4,23.0,14.0,1,0.0
269,0,1,2,1.0,100.0,5.0,0.0,1,1,4,21.0,21.0,0,0.0
270,3,1,2,2.0,60.0,4.0,0.0,1,3,1,50.0,43.0,1,1.0
271,2,0,2,0.0,50.0,3.0,0.0,0,1,2,58.0,49.0,0,0.0
272,2,3,1,0.0,120.0,5.0,1.0,2,3,1,38.0,30.0,0,0.0
273,1,1,0,1.0013175230566536,50.0,4.0,1.0,2,0,1,43.0,41.0,3,0.0
274,0,1,0,0.0,60.0,4.0,0.0,0,1,1,19.0,15.0,0,0.3029100529100529
275,1,0,0,2.0,50.0,5.0,0.0,0,3,1,26.0,17.0,0,0.0
276,3,3,2,1.0,50.0,1.0,0.0,0,0,1,25.0,23.0,0,0.3029100529100529
277,0,0,1,1.0,120.0,4.0,0.0,1,0,1,38.0,37.0,0,1.0
278,3,1,3,1.0,50.0,5.0,0.0,0,0,1,20.0,39.06578947368421,0,1.0
279,0,1,2,2.0,100.0,2.0,0.0,1,0,1,48.0,43.0,1,0.0
280,2,2,2,2.0,30.0,5.0,0.0,1,0,1,30.0,28.0,0,0.0
281,0,1,4,1.0,50.0,5.0,0.0,1,0,1,46.0,37.0,2,0.0
282,5,2,1,2.0,50.0,4.0,0.0,2,2,1,18.0,17.0,1,1.0
283,2,1,0,0.0,80.0,5.0,0.0,1,0,2,24.0,23.0,1,0.0
284,0,1,1,2.0,60.0,5.0,0.0,1,4,1,52.0,52.0,1,0.0
285,0,3,2,1.0,30.0,1.0,0.0,1,0,1,21.0,21.0,0,0.0
286,0,1,1,0.0,100.0,4.0,1.0,2,3,1,33.0,26.0,0,0.0
287,0,1,4,2.0,60.0,4.0,1.0,1,1,1,19.0,11.0,0,0.0
288,2,1,4,1.0,100.0,4.0,1.0,1,3,1,44.0,40.0,0,0.3029100529100529
289,0,1,0,0.0,60.0,3.0,0.0,1,0,2,41.0,41.0,2,0.0
290,0,4,2,0.0,30.0,3.0,0.0,0,0,1,27.0,27.0,0,1.0
291,0,1,0,1.0,50.0,3.0,0.0,2,0,1,26.0,17.0,0,0.0
292,0,1,2,1.0,60.0,3.0,0.0,1,1,1,65.0,57.0,0,1.0
293,3,1,4,1.0,30.0,4.0,1.0,2,0,1,66.0,39.06578947368421,1,1.0
294,0,1,0,0.0,60.0,2.0,1.0,1,3,1,41.0,41.0,0,1.0
295,5,1,1,1.0013175230566536,100.0,4.0,0.0,2,0,3,34.0,28.0,0,0.0
296,0,2,4,2.0,30.0,1.0,1.0,2,0,1,43.0,38.0,1,0.0
297,4,3,3,2.0,100.0,3.0,0.16116248348745046,1,1,1,48.0,39.0,1,1.0
298,0,1,1,0.0,80.0,5.0,0.0,1,0,1,23.0,22.0,1,1.0
299,5,1,0,2.0,80.0,2.0,0.0,1,0,1,24.0,23.0,1,1.0
300,2,1,1,2.0,100.0,3.0,0.0,1,1,1,34.0,34.0,0,0.0
301,0,0,1,2.0,50.0,3.0,0.0,1,0,1,49.0,44.0,1,1.0
302,0,1,3,1.0,50.0,3.0,0.0,2,0,1,36.0,35.0,0,1.0
303,2,4,1,2.0,80.0,1.0,0.16116248348745046,1,0,1,65.0,60.0,0,1.0
304,5,2,1,1.0,60.0,1.0,1.0,1,0,1,30.0,25.0,0,1.0
305,3,1,0,0.0,30.0,3.0,1.0,1,0,4,33.0,29.0,1,1.0
306,2,1,0,1.0013175230566536,50.0,5.0,0.0,2,0,3,40.0,36.0,1,0.0
307,4,3,4,1.0,60.0,5.0,0.0,0,3,1,46.0,37.0,1,0.3029100529100529
308,5,3,1,0.0,80.0,2.0,1.0,1,1,1,25.0,23.0,1,0.0
309,5,1,0,1.0,60.0,4.0,0.0,1,1,3,20.0,20.0,1,0.0
310,1,1,1,1.0,100.0,3.0,0.0,1,3,2,28.0,20.0,1,0.3029100529100529
311,2,3,0,2.0,80.0,3.0,0.0,2,3,3,64.0,57.0,0,1.0
312,4,0,0,0.0,50.0,1.0,0.0,0,0,1,22.0,14.0,0,0.0
313,3,1,0,0.0,50.0,5.0,0.0,1,0,4,38.0,37.0,0,0.0
314,2,0,2,1.0,50.0,1.0,0.0,1,3,1,18.0,9.0,0,0.0
315,4,1,3,1.0,60.0,5.0,0.0,1,1,1,27.0,19.0,1,1.0
316,1,3,0,2.0,60.0,4.0,1.0,2,2,1,58.0,54.0,3,1.0
317,0,3,2,1.0013175230566536,100.0,2.0,0.0,1,0,3,60.0,59.0,0,1.0
318,2,1,1,1.0,50.0,3.0,0.0,1,0,2,65.0,63.0,0,1.0
319,0,1,0,0.0,60.0,1.0,0.0,2,1,1,56.0,55.0,1,0.0
320,1,1,1,0.0,60.0,3.0,1.0,0,0,1,53.0,53.0,1,0.0
321,2,1,3,0.0,100.0,5.0,0.0,2,1,1,21.0,19.0,0,0.0
322,0,0,0,2.0,60.0,1.0,0.0,1,0,2,60.0,52.0,0,0.0
323,0,1,0,2.0,100.0,2.0,0.0,2,0,1,42.0,41.0,0,0.0
324,1,0,0,1.0,120.0,3.2817460317460316,0.0,1,0,4,52.0,48.0,0,0.3029100529100529
325,4,3,1,0.0,80.0,5.0,0.0,1,3,1,60.0,39.06578947368421,0,1.0
326,3,0,2,1.0,100.0,1.0,1.0,1,1,1,36.0,34.0,1,0.0
327,3,2,1,2.0,80.0,2.0,1.0,2,0,1,23.0,22.0,1,1.0
328,0,1,4,2.0,60.0,5.0,0.0,1,0,1,61.0,52.0,2,1.0
329,0,1,0,0.0,50.0,3.0,0.0,1,4,1,50.0,45.0,0,0.0
330,0,1,0,2.0,60.0,3.2817460317460316,0.0,1,0,1,39.0,33.0,1,0.0
331,0,0,0,1.0013175230566536,30.0,1.0,1.0,0,3,1,36.0,31.0,0,0.0
332,4,1,0,1.0,71.4287598944591,4.0,0.0,2,0,1,68.0,59.0,0,1.0
333,0,0,2,1.0,71.4287598944591,5.0,0.0,1,3,3,59.0,53.0,1,0.0
334,3,1,0,1.0,30.0,3.2817460317460316,0.0,2,1,1,58.0,55.0,0,0.0
335,3,1,2,2.0,50.0,3.0,1.0,2,1,1,29.0,29.0,0,0.0
336,0,1,3,1.0,60.0,5.0,0.0,1,0,0,20.0,15.0,0,1.0
337,0,1,0,1.0,50.0,5.0,1.0,2,0,1,27.0,24.0,0,0.0
338,3,1,2,2.0,50.0,5.0,1.0,1,0,1,31.0,29.0,0,0.0
339,2,0,1,1.0,100.0,4.0,0.0,1,1,0,43.33509234828496,39.06578947368421,1,0.0
340,2,1,4,2.0,80.0,3.0,0.0,1,4,1,43.33509234828496,28.0,1,0.0
341,0,2,2,0.0,60.0,3.0,0.0,1,0,1,33.0,29.0,1,0.0
342,0,1,1,2.0,50.0,4.0,0.0,0,0,2,27.0,18.0,2,0.0
343,0,1,0,0.0,60.0,4.0,0.0,1,3,1,25.0,20.0,3,0.0
344,0,0,1,1.0013175230566536,50.0,2.0,0.0,1,0,1,68.0,62.0,0,0.0
345,2,0,0,1.0,100.0,3.0,0.0,2,3,1,54.0,50.0,0,0.0
346,2,0,3,0.0,80.0,2.0,0.0,1,1,1,49.0,49.0,1,0.3029100529100529
347,3,0,1,2.0,60.0,3.0,0.0,1,3,3,38.0,34.0,0,0.0
348,0,1,1,1.0,60.0,2.0,0.0,1,3,1,32.0,27.0,0,0.0
349,0,2,0,1.0,30.0,5.0,1.0,2,3,1,38.0,36.0,0,1.0
350,0,0,0,0.0,60.0,1.0,0.0,2,2,2,43.0,40.0,0,1.0
351,0,0,1,0.0,50.0,1.0,1.0,1,3,3,57.0,53.0,1,1.0
352,0,0,4,2.0,60.0,1.0,0.0,2,3,1,53.0,49.0,1,0.0
353,0,1,2,1.0,60.0,3.0,0.0,2,2,3,43.33509234828496,36.0,2,0.0
354,0,2,4,1.0,80.0,3.0,0.0,1,0,2,18.0,18.0,0,0.3029100529100529
355,4,0,1,1.0,189.0,13.0,0.0,1,1,1,68.0,60.0,0,0.0
356,3,0,0,2.0,71.4287598944591,3.0,0.0,1,4,1,22.0,15.0,0,1.0
357,1,1,0,1.0,80.0,2.0,0.0,0,1,1,30.0,25.0,0,0.0
358,3,1,1,1.0,30.0,5.0,0.0,1,0,1,52.0,45.0,1,1.0
359,0,1,0,2.0,30.0,4.0,0.0,1,3,3,47.0,45.0,1,0.0
360,0,1,1,1.0,50.0,4.0,1.0,1,0,1,29.0,25.0,0,0.0
361,2,1,2,2.0,80.0,2.0,0.0,1,0,1,43.0,35.0,0,1.0
363,1,1,0,1.0,50.0,2.0,0.16116248348745046,2,3,2,19.0,19.0,1,1.0
364,0,3,2,0.0,60.0,2.0,0.0,1,4,1,68.0,61.0,2,0.0
365,2,1,3,0.0,50.0,3.0,0.0,2,0,1,69.0,39.06578947368421,3,0.0
366,2,3,2,1.0,50.0,3.2817460317460316,0.0,1,0,1,18.0,18.0,2,0.3029100529100529
367,0,1,0,1.0,50.0,5.0,0.0,0,1,1,23.0,17.0,0,1.0
368,3,0,0,1.0,60.0,1.0,0.0,2,0,2,48.0,45.0,2,1.0
370,2,1,2,1.0,71.4287598944591,3.0,0.0,1,0,1,44.0,39.0,1,0.0
371,2,0,0,2.0,50.0,4.0,0.0,1,0,4,20.0,15.0,0,0.0
372,3,3,0,2.0,100.0,4.0,0.0,1,0,1,40.0,36.0,1,1.0
373,4,1,0,0.0,71.4287598944591,4.0,0.0,0,2,2,46.0,44.0,0,0.0
374,2,3,2,1.0,60.0,3.0,0.0,1,2,4,19.0,14.0,1,0.3029100529100529
375,0,4,1,1.0,30.0,5.0,1.0,1,1,2,62.0,61.0,1,1.0
377,0,4,0,0.0,100.0,1.0,0.0,1,2,1,24.0,18.0,3,0.0
378,2,3,2,2.0,60.0,2.0,1.0,1,1,1,18.0,18.0,1,0.0
379,1,1,0,1.0013175230566536,100.0,4.0,0.0,1,1,1,43.0,37.0,1,0.0
380,2,1,0,1.0,100.0,2.0,0.0,2,0,0,26.0,18.0,1,0.0
381,1,1,0,0.0,50.0,3.2817460317460316,0.0,1,3,1,66.0,65.0,1,0.0
382,2,0,0,0.0,60.0,3.0,0.0,0,1,1,34.0,27.0,0,0.0
383,0,3,2,1.0,80.0,4.0,0.16116248348745046,1,0,0,39.0,35.0,0,1.0
384,0,0,1,1.0,80.0,5.0,0.0,1,1,1,43.0,41.0,1,0.0
386,1,1,2,1.0,80.0,3.0,0.0,1,1,2,42.0,36.0,3,1.0
387,0,3,0,1.0,50.0,4.0,0.0,1,0,1,49.0,40.0,1,0.0
388,0,0,4,2.0,50.0,1.0,0.0,1,4,4,56.0,52.0,0,0.0
389,5,1,2,2.0,71.4287598944591,4.0,0.0,2,3,1,30.0,28.0,0,1.0
390,3,1,1,1.0,100.0,3.0,0.0,2,3,1,54.0,53.0,0,0.0
391,0,1,3,0.0,120.0,5.0,0.0,2,1,1,67.0,63.0,1,1.0
394,2,1,0,2.0,60.0,5.0,0.0,2,0,4,34.0,32.0,0,0.0
395,2,1,3,1.0,60.0,4.0,1.0,1,4,3,31.0,24.0,1,0.0
396,2,1,3,2.0,100.0,4.0,0.0,2,3,1,22.0,21.0,0,0.0
397,0,0,2,1.0,60.0,2.0,0.0,1,0,1,64.0,59.0,3,0.0
399,0,2,0,2.0,120.0,2.0,0.16116248348745046,1,1,4,50.0,45.0,1,0.0
400,2,1,4,1.0,50.0,2.0,0.0,0,0,1,29.0,39.06578947368421,0,1.0
401,3,3,1,1.0,80.0,2.0,0.0,1,3,1,27.0,18.0,1,1.0
402,0,1,1,1.0,60.0,5.0,1.0,0,0,1,26.0,17.0,1,0.0
404,1,4,0,0.0,60.0,3.0,0.0,1,1,1,43.0,37.0,0,0.0
405,1,0,1,0.0,100.0,1.0,0.0,1,0,1,35.0,26.0,0,1.0
406,1,1,2,0.0,60.0,2.0,0.0,1,0,3,46.0,39.06578947368421,1,0.0
407,3,1,1,1.0,100.0,5.0,0.0,2,2,1,47.0,39.06578947368421,1,0.0
408,2,1,3,2.0,30.0,5.0,0.0,1,1,1,56.0,55.0,1,1.0
409,3,0,1,1.0,50.0,2.0,0.0,1,3,1,67.0,65.0,0,1.0
410,0,0,2,2.0,50.0,1.0,0.0,1,0,1,62.0,53.0,0,1.0
411,2,2,1,2.0,100.0,3.0,0.0,2,1,3,59.0,57.0,0,0.0
412,0,1,0,1.0013175230566536,30.0,1.0,0.0,1,3,1,25.0,24.0,3,0.0
413,3,3,1,0.0,100.0,5.0,0.16116248348745046,1,0,1,28.0,21.0,0,1.0
414,0,1,0,0.0,60.0,4.0,0.0,0,2,1,24.0,19.0,0,0.0
415,0,1,0,0.0,100.0,5.0,0.0,2,0,1,43.0,41.0,1,0.0
416,4,0,2,1.0,71.4287598944591,1.0,1.0,2,2,2,52.0,50.0,0,0.0
417,1,1,0,1.0,60.0,1.0,0.16116248348745046,2,2,1,63.0,62.0,0,0.0
418,0,1,1,1.0,80.0,2.0,0.0,2,2,1,24.0,21.0,2,0.0
419,0,4,2,1.0013175230566536,100.0,4.0,0.0,2,1,1,40.0,35.0,0,1.0
420,0,1,2,2.0,100.0,3.2817460317460316,0.0,1,0,1,40.0,33.0,3,0.0
421,1,1,2,0.0,80.0,4.0,0.0,1,0,1,56.0,51.0,2,1.0
422,0,0,0,1.0013175230566536,60.0,1.0,0.0,1,4,1,49.0,47.0,2,0.0
423,2,3,0,2.0,60.0,4.0,0.0,1,0,1,46.0,40.0,1,0.0
424,4,1,3,1.0,100.0,3.0,0.0,2,1,1,29.0,21.0,1,0.0
425,0,1,2,0.0,60.0,4.0,0.0,2,1,4,43.33509234828496,58.0,0,1.0
426,2,3,0,1.0,60.0,4.0,0.0,1,0,1,52.0,44.0,0,0.0
428,2,1,0,1.0,60.0,2.0,0.0,1,0,4,41.0,41.0,3,0.0
429,4,2,1,2.0,50.0,3.0,0.0,1,0,0,58.0,51.0,2,0.0
430,0,1,2,2.0,120.0,3.0,0.0,1,3,1,43.0,40.0,1,0.0
431,0,1,2,2.0,100.0,2.0,0.0,1,0,1,48.0,43.0,1,0.0
432,0,1,3,1.0013175230566536,100.0,5.0,1.0,2,4,1,67.0,64.0,1,1.0
433,1,1,2,1.0,30.0,2.0,0.0,2,3,1,59.0,55.0,0,0.3029100529100529
434,0,1,0,1.0,100.0,2.0,0.0,1,0,1,20.0,15.0,0,0.0
435,2,1,0,2.0,60.0,5.0,0.0,1,4,1,24.0,24.0,0,1.0
436,0,3,3,0.0,60.0,5.0,0.0,1,3,3,46.0,45.0,0,0.0
437,0,1,3,2.0,60.0,4.0,0.0,1,0,1,55.0,51.0,0,1.0
438,1,3,3,0.0,50.0,1.0,0.16116248348745046,1,0,1,65.0,63.0,1,1.0
439,0,1,1,1.0,50.0,3.2817460317460316,0.0,1,0,1,44.0,40.0,1,1.0
440,0,0,2,2.0,50.0,1.0,0.0,1,0,1,67.0,66.0,0,0.0
441,2,4,2,2.0,50.0,4.0,0.0,1,0,3,22.0,18.0,1,0.0
442,0,0,1,1.0013175230566536,80.0,4.0,0.0,1,0,1,58.0,57.0,1,1.0
443,1,4,1,2.0,100.0,4.0,0.0,1,0,1,27.0,18.0,0,0.0
444,1,1,1,0.0,50.0,3.0,0.0,1,0,1,64.0,62.0,0,0.0
445,3,0,3,2.0,80.0,1.0,0.0,1,0,1,57.0,54.0,3,0.0
446,0,1,0,0.0,60.0,1.0,0.0,2,1,1,56.0,55.0,1,0.0
447,0,0,2,0.0,50.0,5.0,0.0,2,0,3,68.0,61.0,1,1.0
448,0,1,1,2.0,80.0,4.0,0.0,1,2,1,43.33509234828496,54.0,0,0.0
449,0,1,1,0.0,60.0,3.0,0.0,2,0,1,29.0,39.06578947368421,2,1.0
450,0,1,0,2.0,100.0,4.0,0.0,1,0,1,39.0,34.0,0,1.0
451,2,1,3,1.0,100.0,5.0,0.0,1,3,2,47.0,39.0,3,0.0
452,3,0,2,1.0,100.0,2.0,0.0,2,0,1,43.33509234828496,18.0,3,0.0
453,4,1,2,0.0,60.0,1.0,0.0,2,0,1,21.0,19.0,0,0.0
454,0,3,1,1.0013175230566536,80.0,5.0,0.0,1,2,1,59.0,54.0,0,0.0
455,4,1,2,2.0,60.0,4.0,0.0,1,3,1,31.0,29.0,0,0.0
456,2,2,1,1.0,60.0,3.2817460317460316,1.0,1,0,1,30.0,25.0,0,1.0
457,2,1,4,0.0,80.0,2.0,1.0,1,0,3,23.0,19.0,1,0.0
458,1,2,2,2.0,193.0,11.0,0.0,1,1,3,28.0,23.0,0,1.0
459,0,0,1,1.0,60.0,5.0,0.0,2,0,0,36.0,33.0,2,1.0
460,2,1,1,0.0,100.0,1.0,0.0,2,3,1,67.0,64.0,1,0.0
461,2,0,1,2.0,80.0,2.0,0.0,2,1,0,55.0,54.0,2,1.0
462,0,0,2,0.0,60.0,2.0,1.0,1,3,1,21.0,12.0,3,0.3029100529100529
463,2,1,2,0.0,100.0,2.0,0.0,2,0,1,41.0,36.0,3,0.0
464,0,0,1,2.0,60.0,1.0,0.0,1,0,1,69.0,64.0,1,0.0
465,1,1,0,0.0,80.0,2.0,0.0,1,3,1,40.0,36.0,1,0.0
466,2,1,0,1.0,60.0,3.0,0.0,1,0,1,43.33509234828496,43.0,0,0.0
467,2,3,1,2.0,50.0,3.0,0.0,0,1,1,23.0,15.0,0,1.0
468,5,1,1,1.0,80.0,4.0,0.0,1,4,1,62.0,55.0,1,0.3029100529100529
469,2,0,3,1.0,50.0,4.0,0.0,2,0,1,32.0,23.0,0,0.0
470,3,1,2,2.0,100.0,2.0,0.0,1,3,1,46.0,44.0,1,0.0
471,0,1,3,1.0,120.0,5.0,0.0,2,3,1,43.33509234828496,67.0,1,0.0
472,4,1,1,2.0,120.0,2.0,1.0,1,1,1,40.0,40.0,0,0.0
473,0,1,0,0.0,50.0,3.0,0.0,1,0,2,41.0,39.06578947368421,0,0.0
474,1,4,0,1.0,50.0,4.0,0.0,1,0,3,19.0,12.0,1,1.0
475,0,1,1,0.0,50.0,5.0,0.0,1,1,1,65.0,57.0,0,0.0
476,3,1,2,1.0,100.0,1.0,0.0,1,0,1,68.0,60.0,1,0.0
477,4,1,2,2.0,80.0,3.2817460317460316,0.0,1,3,1,40.0,37.0,0,0.0
478,0,0,3,2.0,50.0,4.0,0.0,0,0,1,42.0,40.0,2,0.3029100529100529
479,1,3,1,2.0,100.0,3.0,0.0,0,4,2,24.0,24.0,1,0.0
480,2,1,3,1.0,100.0,3.0,0.0,0,3,3,67.0,64.0,1,0.0
481,2,1,0,2.0,80.0,3.0,0.0,2,1,1,30.0,28.0,0,0.0
482,1,0,2,1.0,50.0,4.0,0.0,1,1,1,36.0,34.0,1,1.0
483,2,0,3,1.0013175230566536,80.0,4.0,0.0,1,0,1,60.0,51.0,1,0.0
484,0,1,0,1.0,80.0,4.0,1.0,1,2,3,40.0,35.0,1,0.0
485,3,0,2,1.0,80.0,3.0,0.0,1,0,1,37.0,33.0,1,0.3029100529100529
486,2,0,0,2.0,50.0,5.0,0.16116248348745046,2,2,2,23.0,39.06578947368421,1,0.0
487,2,0,4,0.0,60.0,5.0,0.0,2,3,1,48.0,41.0,1,0.0
488,0,1,0,1.0,60.0,5.0,0.0,1,0,1,30.0,39.06578947368421,1,0.0
489,0,3,2,2.0,60.0,4.0,0.0,1,1,1,49.0,45.0,0,0.0
490,3,1,0,2.0,80.0,2.0,1.0,2,1,3,43.33509234828496,40.0,2,1.0
491,3,1,3,1.0,50.0,5.0,0.0,2,3,1,43.0,39.0,0,0.3029100529100529
492,0,2,1,0.0,60.0,3.0,0.0,1,1,1,30.0,25.0,0,0.0
493,3,1,1,2.0,50.0,3.2817460317460316,0.0,2,0,1,25.0,22.0,0,0.0
494,4,1,3,0.0,50.0,2.0,0.0,0,0,1,67.0,61.0,1,1.0
495,1,1,0,0.0,100.0,4.0,0.0,1,0,3,28.0,25.0,0,1.0
496,0,0,2,1.0,120.0,1.0,0.0,0,0,1,59.0,54.0,1,0.0
497,2,1,0,0.0,71.4287598944591,3.0,0.0,2,2,1,54.0,49.0,1,0.0
498,2,1,4,0.0,100.0,1.0,0.0,1,1,1,43.33509234828496,67.0,0,0.0
499,0,3,2,1.0,80.0,4.0,0.0,2,1,1,60.0,51.0,0,0.0
500,2,1,2,1.0,30.0,3.0,0.0,1,0,1,44.0,39.0,0,0.0
501,1,1,0,1.0,30.0,5.0,0.0,1,2,1,61.0,61.0,1,1.0
502,2,0,0,1.0,71.4287598944591,5.0,0.0,2,0,1,30.0,27.0,0,1.0
503,0,1,3,1.0,80.0,3.2817460317460316,1.0,2,0,1,33.0,25.0,1,0.0
504,2,1,1,0.0,60.0,3.0,0.0,0,1,1,18.0,9.0,0,0.0
505,3,3,3,2.0,80.0,3.0,1.0,1,0,1,51.0,44.0,0,0.0
506,0,1,0,1.0,50.0,4.0,0.0,2,0,2,58.0,55.0,1,0.0
507,0,1,0,2.0,100.0,1.0,1.0,2,1,1,43.33509234828496,45.0,1,0.0
508,0,3,1,1.0,80.0,5.0,0.0,2,3,4,36.0,28.0,1,0.0
509,0,3,1,0.0,60.0,5.0,0.0,1,0,3,52.0,46.0,1,1.0
510,3,0,1,0.0,50.0,1.0,0.0,2,3,1,69.0,61.0,1,0.0
511,2,1,1,0.0,30.0,3.0,0.0,1,0,1,35.0,34.0,2,0.0
512,3,0,3,2.0,60.0,2.0,1.0,0,0,1,20.0,14.0,1,0.0
513,2,3,1,2.0,50.0,4.0,0.0,2,0,0,61.0,60.0,1,0.0
514,2,1,0,1.0,50.0,5.0,0.0,2,1,3,39.0,39.0,0,0.0
516,2,1,1,1.0,100.0,4.0,1.0,1,3,1,43.33509234828496,40.0,0,0.0
517,0,0,2,2.0,60.0,1.0,0.0,1,0,4,46.0,40.0,0,0.0
518,3,1,3,2.0,80.0,4.0,0.0,1,1,1,68.0,66.0,1,0.0
519,2,4,1,2.0,30.0,3.0,0.0,1,0,3,64.0,63.0,1,0.3029100529100529
520,0,1,2,0.0,60.0,1.0,0.16116248348745046,1,0,1,66.0,57.0,0,0.0
521,2,2,2,2.0,100.0,1.0,0.0,2,0,1,61.0,55.0,0,0.0
522,0,3,1,2.0,50.0,2.0,0.0,0,0,1,58.0,50.0,0,0.0
523,0,3,0,2.0,60.0,4.0,1.0,1,2,1,29.0,39.06578947368421,0,1.0
524,0,1,0,1.0,100.0,5.0,1.0,0,2,1,42.0,41.0,2,1.0
525,0,1,3,2.0,50.0,3.0,0.0,1,1,1,43.0,37.0,1,0.0
526,0,0,3,1.0,189.0,14.0,0.0,2,4,1,33.0,31.0,1,1.0
527,1,0,1,2.0,30.0,2.0,0.0,1,3,1,63.0,62.0,1,0.0
528,2,1,1,1.0,60.0,4.0,0.0,1,1,1,54.0,52.0,0,0.0
529,2,4,1,1.0,50.0,2.0,0.0,1,0,3,49.0,47.0,0,1.0
530,0,0,0,1.0,30.0,3.0,0.0,1,3,2,26.0,22.0,1,0.0
531,1,1,0,0.0,60.0,5.0,1.0,1,0,1,57.0,56.0,1,1.0
532,0,1,1,0.0,100.0,2.0,0.0,1,0,2,34.0,30.0,0,0.0
533,0,3,1,2.0,60.0,5.0,0.0,1,1,1,23.0,39.06578947368421,2,1.0
534,0,0,3,1.0,50.0,5.0,0.0,1,0,2,33.0,31.0,1,0.0
535,2,3,2,0.0,80.0,4.0,1.0,1,2,1,52.0,52.0,0,0.0
536,2,0,1,0.0,100.0,3.2817460317460316,1.0,1,1,1,67.0,64.0,0,0.0
537,1,1,3,0.0,60.0,5.0,0.16116248348745046,1,0,1,69.0,39.06578947368421,1,0.0
538,0,0,2,1.0,60.0,3.0,0.0,2,0,3,23.0,14.0,1,0.0
539,0,0,3,0.0,71.4287598944591,4.0,0.0,1,0,2,63.0,62.0,1,0.0
540,2,0,2,1.0,80.0,2.0,0.0,1,1,1,55.0,50.0,2,0.0
541,0,3,1,1.0,100.0,1.0,0.0,1,1,1,62.0,55.0,0,1.0
542,3,3,1,1.0,80.0,3.2817460317460316,0.0,1,3,1,27.0,18.0,1,1.0
543,0,1,0,2.0,80.0,2.0,1.0,2,0,1,44.0,41.0,3,0.0
544,0,1,2,1.0013175230566536,50.0,4.0,0.0,2,0,2,32.0,27.0,1,1.0
545,3,1,0,1.0,60.0,4.0,0.0,2,0,3,48.0,44.0,2,1.0
546,1,4,2,0.0,30.0,3.0,0.0,1,1,1,21.0,19.0,2,1.0
547,3,1,0,0.0,60.0,1.0,0.0,0,2,1,22.0,17.0,0,0.0
548,2,3,0,1.0,60.0,3.0,0.0,1,0,1,20.0,13.0,1,1.0
549,0,4,2,1.0,120.0,3.2817460317460316,1.0,1,2,1,60.0,53.0,1,0.0
550,0,1,4,1.0,60.0,3.0,0.0,2,2,3,41.0,36.0,2,0.0
551,0,0,0,1.0,100.0,3.0,0.0,2,2,1,38.0,38.0,1,1.0
552,4,1,0,1.0,60.0,3.0,0.0,1,0,4,42.0,34.0,0,0.0
553,2,0,3,0.0,30.0,1.0,1.0,2,0,2,43.33509234828496,63.0,0,1.0
554,3,1,2,2.0,60.0,1.0,0.0,0,0,1,53.0,52.0,1,0.0
556,0,1,2,0.0,100.0,4.0,0.0,1,0,2,24.0,20.0,0,1.0
557,4,3,0,0.0,71.4287598944591,1.0,1.0,1,0,1,41.0,41.0,1,1.0
558,3,4,3,0.0,100.0,2.0,0.0,2,0,1,40.0,40.0,1,0.0
560,2,1,0,0.0,60.0,1.0,0.16116248348745046,1,2,4,34.0,30.0,1,0.0
561,2,0,4,1.0,50.0,3.2817460317460316,0.0,0,1,1,35.0,26.0,0,0.0
562,2,4,2,0.0,71.4287598944591,4.0,1.0,1,0,1,48.0,48.0,0,0.0
563,2,1,2,0.0,80.0,1.0,0.0,1,0,1,22.0,22.0,0,0.0
565,0,1,2,2.0,100.0,2.0,1.0,1,3,1,43.33509234828496,17.0,0,0.0
566,4,1,2,0.0,60.0,3.0,0.0,2,0,1,54.0,53.0,1,1.0
567,0,1,3,1.0,50.0,3.0,0.0,1,0,1,46.0,44.0,0,1.0
568,0,1,2,2.0,30.0,2.0,0.0,1,0,1,32.0,26.0,2,0.0
569,0,1,2,2.0,80.0,2.0,0.0,1,0,3,40.0,37.0,0,1.0
570,4,3,4,0.0,199.0,11.0,0.0,1,0,1,47.0,47.0,0,1.0
571,0,4,1,1.0,60.0,5.0,0.0,2,3,1,34.0,33.0,0,0.0
572,2,0,0,2.0,60.0,1.0,0.0,2,0,1,32.0,30.0,1,1.0
573,1,1,0,0.0,50.0,3.2817460317460316,0.0,2,0,0,43.0,39.0,1,0.0
574,1,1,1,1.0,50.0,1.0,0.0,2,0,1,46.0,39.0,1,0.0
575,2,1,2,2.0,80.0,1.0,0.0,2,3,2,42.0,39.06578947368421,1,0.0
576,3,3,0,1.0,50.0,3.0,0.0,2,0,1,67.0,62.0,0,0.0
577,0,0,2,0.0,60.0,5.0,0.0,1,3,2,53.0,48.0,0,1.0
578,1,1,2,2.0,50.0,4.0,1.0,1,3,1,53.0,50.0,0,0.0
579,2,2,2,2.0,50.0,1.0,0.0,2,0,2,61.0,54.0,0,0.0
580,2,3,4,0.0,192.0,10.0,1.0,2,0,2,60.0,53.0,0,0.0
581,1,3,0,1.0,30.0,4.0,1.0,2,4,1,29.0,26.0,0,0.0
582,2,0,1,2.0,80.0,4.0,0.0,1,1,1,22.0,19.0,0,1.0
583,2,1,2,2.0,71.4287598944591,4.0,1.0,1,3,1,52.0,45.0,0,0.3029100529100529
584,0,0,0,0.0,120.0,1.0,0.0,2,0,1,46.0,40.0,0,1.0
585,0,3,0,1.0013175230566536,50.0,5.0,0.0,2,0,1,58.0,58.0,0,1.0
586,2,1,2,0.0,100.0,4.0,0.0,1,0,1,39.0,35.0,3,0.0
587,0,0,1,0.0,60.0,4.0,0.0,0,0,1,58.0,49.0,2,0.0
588,2,4,2,0.0,30.0,3.2817460317460316,0.0,1,1,1,59.0,56.0,2,0.0
589,2,0,3,0.0,60.0,2.0,0.0,1,0,1,35.0,34.0,0,0.0
590,1,4,2,0.0,100.0,3.0,0.0,0,1,1,46.0,43.0,0,0.0
591,0,0,1,1.0,50.0,3.0,0.0,1,0,1,36.0,29.0,1,0.3029100529100529
592,0,1,3,1.0,80.0,3.0,1.0,1,0,1,32.0,24.0,0,0.0
593,0,0,2,0.0,80.0,2.0,0.0,1,0,1,19.0,14.0,0,0.0
594,0,1,2,1.0,100.0,5.0,0.0,1,2,2,19.0,13.0,1,0.0
595,2,0,0,1.0,60.0,3.0,0.16116248348745046,1,3,1,21.0,17.0,0,1.0
596,3,0,0,1.0,50.0,2.0,0.0,1,0,1,34.0,27.0,0,0.0
597,0,1,1,2.0,80.0,3.0,0.0,2,0,3,48.0,40.0,1,0.0
598,5,1,1,1.0,30.0,5.0,0.0,1,0,1,59.0,59.0,1,0.0
599,2,3,0,2.0,100.0,2.0,0.16116248348745046,1,1,1,43.33509234828496,59.0,0,0.0
601,2,3,0,1.0,50.0,3.2817460317460316,0.0,1,3,1,49.0,46.0,0,0.0
602,2,1,2,0.0,71.4287598944591,4.0,0.0,1,3,1,48.0,41.0,0,0.0
603,2,1,1,2.0,80.0,2.0,0.0,0,0,4,52.0,46.0,1,0.0
604,2,0,1,1.0,213.0,14.0,0.0,1,0,1,59.0,58.0,2,0.0
605,0,0,0,1.0,100.0,1.0,0.0,1,2,3,49.0,40.0,0,0.0
606,0,3,0,2.0,60.0,3.0,0.0,1,1,0,48.0,39.06578947368421,1,1.0
608,5,0,2,1.0,50.0,1.0,0.0,1,2,2,59.0,50.0,1,0.0
609,1,0,1,0.0,50.0,3.0,0.0,1,2,2,61.0,61.0,1,1.0
610,5,0,2,1.0,60.0,2.0,0.0,2,0,1,33.0,31.0,0,0.0
611,1,0,0,2.0,80.0,3.2817460317460316,0.0,1,1,1,45.0,42.0,1,0.3029100529100529
612,2,0,0,1.0013175230566536,30.0,3.0,0.0,1,0,1,43.33509234828496,54.0,2,0.0
613,0,3,2,1.0,50.0,5.0,0.0,0,1,3,50.0,41.0,2,1.0
614,0,1,0,1.0,30.0,5.0,0.0,2,0,1,63.0,55.0,0,1.0
615,3,1,2,1.0013175230566536,100.0,3.0,0.0,1,2,1,64.0,57.0,0,1.0
616,2,3,3,0.0,30.0,3.0,1.0,1,0,1,51.0,42.0,2,0.0
617,1,3,0,1.0,60.0,4.0,0.16116248348745046,0,1,1,40.0,35.0,0,0.3029100529100529
618,0,0,2,1.0,100.0,4.0,0.16116248348745046,1,1,4,53.0,48.0,0,0.0
619,0,0,0,2.0,50.0,2.0,0.0,2,3,1,34.0,30.0,1,1.0
620,0,3,0,0.0,80.0,1.0,0.0,1,4,1,64.0,61.0,1,0.0
621,5,1,1,1.0,50.0,2.0,0.0,1,2,3,61.0,52.0,1,1.0
622,0,3,0,2.0,120.0,5.0,0.0,1,3,1,19.0,17.0,1,0.0
623,1,2,2,2.0,71.4287598944591,4.0,0.0,2,0,2,45.0,40.0,2,0.0
625,2,1,0,2.0,30.0,1.0,0.0,1,1,1,39.0,30.0,0,0.0
626,0,2,3,0.0,50.0,1.0,0.0,1,1,2,40.0,39.0,0,0.0
627,2,1,1,2.0,71.4287598944591,2.0,0.0,1,0,1,18.0,18.0,1,0.0
628,2,1,3,2.0,50.0,5.0,0.0,2,2,1,67.0,62.0,1,0.0
629,0,3,1,0.0,60.0,5.0,0.0,1,0,3,52.0,46.0,1,1.0
630,2,3,1,0.0,80.0,3.0,1.0,2,0,3,47.0,40.0,1,0.0
631,0,3,0,0.0,30.0,4.0,0.0,1,0,1,54.0,53.0,1,0.0
632,5,1,0,1.0,30.0,3.0,0.0,1,0,2,47.0,46.0,0,0.0
633,1,0,2,2.0,60.0,4.0,0.0,2,0,1,36.0,32.0,0,0.0
634,0,1,2,0.0,100.0,5.0,0.0,1,3,2,41.0,32.0,0,1.0
635,2,1,1,2.0,30.0,3.0,0.0,1,0,4,64.0,63.0,1,0.0
636,2,2,2,0.0,50.0,4.0,0.0,2,2,1,41.0,33.0,1,0.0
637,1,0,1,0.0,60.0,2.0,1.0,1,1,1,29.0,28.0,1,0.0
638,3,0,1,2.0,100.0,5.0,0.0,1,1,3,60.0,57.0,0,0.0
639,0,0,1,2.0,60.0,2.0,0.0,2,0,1,51.0,44.0,0,0.0
640,2,1,0,0.0,80.0,4.0,0.0,0,0,1,42.0,34.0,0,0.3029100529100529
641,1,3,3,1.0,120.0,2.0,0.0,2,1,0,68.0,67.0,0,0.0
642,1,1,2,1.0,80.0,3.2817460317460316,0.0,1,0,1,21.0,13.0,1,0.0
643,2,1,2,1.0,80.0,1.0,0.0,1,0,1,26.0,24.0,2,0.0
644,4,0,0,2.0,100.0,4.0,0.0,1,1,1,68.0,65.0,2,0.0
645,2,1,0,1.0,120.0,1.0,0.0,1,0,1,27.0,26.0,1,0.0
646,3,0,1,1.0,80.0,5.0,0.0,1,0,4,30.0,22.0,1,0.0
647,2,1,0,0.0,80.0,4.0,0.0,2,3,1,66.0,61.0,0,0.0
648,5,0,4,2.0,50.0,1.0,1.0,1,0,4,43.33509234828496,55.0,1,1.0
649,0,3,3,0.0,60.0,2.0,0.0,1,0,1,38.0,34.0,0,1.0
650,2,1,0,1.0,120.0,3.0,0.0,0,3,0,64.0,61.0,0,0.0
651,2,1,1,0.0,60.0,3.2817460317460316,0.0,2,0,1,26.0,25.0,0,1.0
652,0,2,1,1.0,50.0,3.0,0.0,1,0,1,48.0,45.0,0,0.0
653,0,4,0,2.0,60.0,2.0,0.0,2,4,1,37.0,30.0,1,0.0
654,1,3,0,1.0,80.0,1.0,0.16116248348745046,1,0,1,52.0,52.0,0,1.0
656,0,3,3,1.0,50.0,2.0,1.0,1,0,2,42.0,35.0,0,1.0
657,3,3,1,2.0,30.0,4.0,0.0,0,0,3,45.0,45.0,1,0.0
658,2,1,1,0.0,80.0,4.0,0.0,2,0,1,28.0,20.0,0,1.0
659,1,2,0,1.0,60.0,4.0,0.0,1,2,1,46.0,42.0,0,0.0
661,0,1,1,0.0,50.0,4.0,0.0,1,1,1,37.0,31.0,0,1.0
662,1,0,0,0.0,50.0,2.0,0.0,1,1,1,58.0,49.0,0,1.0
663,1,1,2,2.0,60.0,5.0,0.0,0,3,1,51.0,47.0,0,0.0
664,0,3,1,1.0,100.0,1.0,1.0,0,0,3,54.0,46.0,0,0.0
665,2,1,2,2.0,60.0,3.0,0.0,0,0,1,48.0,48.0,0,1.0
666,1,4,0,1.0,80.0,2.0,0.0,1,0,1,27.0,25.0,1,0.0
667,0,0,2,2.0,198.0,11.0,0.0,1,2,1,62.0,60.0,0,0.0
668,0,0,2,0.0,60.0,2.0,0.0,1,2,1,64.0,58.0,2,0.0
669,0,3,0,0.0,100.0,4.0,1.0,1,2,1,21.0,39.06578947368421,0,0.0
670,0,0,2,1.0,192.0,10.0,0.0,1,0,1,19.0,18.0,0,1.0
672,1,0,1,2.0,60.0,4.0,0.0,1,1,1,31.0,30.0,1,1.0
673,3,3,0,2.0,30.0,5.0,1.0,2,0,1,56.0,50.0,0,1.0
674,1,3,2,1.0013175230566536,60.0,5.0,0.0,1,1,3,32.0,31.0,2,0.0
675,0,1,0,0.0,80.0,5.0,0.0,1,0,1,22.0,14.0,1,0.0
676,3,1,0,2.0,80.0,1.0,0.0,1,0,1,54.0,54.0,0,0.0
677,5,0,3,1.0013175230566536,50.0,2.0,0.0,1,1,1,38.0,38.0,3,0.0
678,5,3,2,2.0,50.0,2.0,0.16116248348745046,1,1,1,24.0,24.0,1,0.0
679,3,0,1,0.0,60.0,5.0,0.0,2,0,1,23.0,19.0,3,1.0
680,0,1,3,2.0,30.0,2.0,1.0,2,0,1,60.0,55.0,0,1.0
682,1,0,0,1.0,80.0,5.0,0.0,0,3,1,37.0,34.0,1,0.0
683,1,2,3,1.0,60.0,1.0,0.0,2,2,1,58.0,58.0,1,0.0
684,1,1,2,1.0,50.0,3.0,0.16116248348745046,1,3,1,57.0,53.0,2,0.0
686,2,0,0,1.0,50.0,3.0,0.0,1,0,4,43.33509234828496,42.0,1,0.0
687,2,1,3,1.0013175230566536,80.0,4.0,0.0,2,0,1,69.0,66.0,3,0.0
688,3,1,4,0.0,100.0,3.0,0.0,1,1,1,29.0,39.06578947368421,0,0.3029100529100529
689,2,2,0,2.0,30.0,5.0,0.0,1,0,1,27.0,25.0,0,0.0
690,0,0,0,1.0,30.0,1.0,0.0,1,3,1,65.0,61.0,0,0.0
691,2,1,2,1.0,30.0,3.0,0.0,1,0,2,69.0,64.0,1,0.0
692,0,4,1,2.0,50.0,3.0,0.0,2,0,1,54.0,47.0,2,0.0
693,3,0,0,0.0,71.4287598944591,4.0,0.0,0,1,1,52.0,51.0,1,0.0
694,3,1,2,1.0,80.0,4.0,1.0,2,0,1,33.0,27.0,1,0.0
695,0,1,1,1.0,80.0,3.2817460317460316,0.0,2,3,2,48.0,42.0,1,1.0
696,0,1,2,2.0,60.0,5.0,0.0,1,3,2,42.0,39.0,1,0.0
697,2,0,1,1.0,80.0,3.0,0.0,0,1,3,27.0,20.0,1,1.0
698,1,0,0,2.0,50.0,2.0,0.0,2,3,3,55.0,47.0,1,0.0
699,0,0,1,0.0,100.0,3.2817460317460316,1.0,1,0,3,47.0,40.0,1,1.0
700,0,1,1,1.0,60.0,4.0,0.0,2,1,1,39.0,35.0,1,1.0
701,2,2,2,1.0,60.0,3.2817460317460316,0.0,1,0,1,59.0,51.0,0,0.0
702,2,1,1,0.0,120.0,2.0,0.0,1,0,3,43.33509234828496,33.0,0,0.0
703,1,0,1,0.0,80.0,3.0,0.0,2,2,2,22.0,18.0,1,0.0
704,0,1,4,1.0,206.0,11.0,0.0,1,1,1,39.0,35.0,3,0.0
705,0,0,0,0.0,60.0,3.0,0.0,1,0,3,22.0,13.0,1,1.0
706,5,3,1,2.0,71.4287598944591,3.0,0.0,2,0,1,20.0,39.06578947368421,0,0.0
707,5,1,4,1.0,50.0,4.0,0.0,1,0,1,52.0,48.0,1,0.0
708,0,1,0,1.0,80.0,5.0,0.0,2,0,1,38.0,35.0,1,0.0
710,0,1,3,2.0,60.0,1.0,0.16116248348745046,2,3,1,45.0,42.0,1,0.0
711,2,1,3,2.0,80.0,3.0,0.0,1,0,1,41.0,33.0,0,0.0
712,0,0,0,2.0,71.4287598944591,2.0,0.0,1,1,1,53.0,51.0,0,0.0
713,0,1,2,0.0,60.0,1.0,0.0,2,2,3,42.0,38.0,0,0.3029100529100529
714,2,2,1,0.0,212.0,10.0,0.0,1,3,3,27.0,27.0,0,0.0
715,0,1,1,2.0,71.4287598944591,2.0,0.0,2,4,1,59.0,57.0,1,1.0
716,2,1,3,1.0,30.0,5.0,0.0,1,1,1,55.0,54.0,1,0.0
717,3,1,2,2.0,100.0,2.0,0.0,2,3,1,26.0,17.0,1,0.0
718,2,1,0,2.0,60.0,1.0,0.16116248348745046,1,1,1,57.0,55.0,0,0.0
719,0,0,0,0.0,60.0,5.0,0.0,2,0,1,36.0,32.0,0,0.0
720,1,1,3,1.0,60.0,1.0,0.0,2,1,4,60.0,52.0,2,1.0
721,3,1,0,2.0,30.0,1.0,0.0,2,0,3,39.0,37.0,0,1.0
722,1,0,3,1.0,80.0,4.0,0.0,2,0,1,24.0,22.0,1,0.0
723,0,2,1,1.0,30.0,5.0,0.0,2,1,1,19.0,39.06578947368421,0,0.0
724,2,0,2,0.0,80.0,5.0,0.0,2,0,1,69.0,65.0,1,0.0
725,2,1,3,1.0,30.0,4.0,1.0,1,1,1,54.0,51.0,2,0.0
726,2,0,2,2.0,50.0,4.0,0.0,1,0,1,58.0,58.0,1,1.0
727,0,1,1,1.0,60.0,1.0,0.0,2,0,2,27.0,25.0,1,0.3029100529100529
728,4,0,1,1.0,100.0,4.0,0.16116248348745046,1,2,1,66.0,65.0,0,0.0
729,0,1,0,2.0,181.0,10.0,0.0,2,2,1,62.0,54.0,3,0.0
730,1,0,3,1.0,60.0,1.0,0.0,1,0,3,32.0,26.0,0,1.0
731,4,3,0,2.0,30.0,2.0,0.0,2,1,2,47.0,43.0,1,0.0
732,2,3,1,1.0,60.0,2.0,0.0,0,0,1,20.0,18.0,1,0.0
733,0,0,1,0.0,50.0,1.0,0.16116248348745046,1,4,1,32.0,31.0,0,1.0
734,0,1,1,1.0,80.0,2.0,0.0,2,2,1,24.0,21.0,2,0.0
735,2,1,4,1.0,71.4287598944591,4.0,0.0,1,0,1,51.0,44.0,3,0.0
736,0,1,3,1.0,80.0,3.0,0.0,1,1,1,46.0,39.0,1,0.0
737,0,3,0,1.0,50.0,3.0,1.0,1,1,1,43.33509234828496,30.0,1,0.0
738,2,4,3,1.0,80.0,4.0,0.0,1,0,4,64.0,56.0,1,1.0
739,0,1,0,1.0,60.0,4.0,0.0,1,3,1,33.0,24.0,0,1.0
740,0,0,2,2.0,80.0,5.0,0.0,2,0,1,33.0,30.0,0,0.0
741,0,0,1,0.0,60.0,5.0,0.0,1,0,3,66.0,62.0,1,1.0
743,0,1,0,1.0,60.0,2.0,1.0,2,1,2,43.33509234828496,54.0,0,0.0
744,3,1,0,1.0,71.4287598944591,5.0,0.0,1,1,1,24.0,23.0,2,0.0
746,1,3,0,0.0,100.0,3.0,0.0,1,0,1,43.33509234828496,54.0,0,0.0
748,2,1,1,1.0,50.0,3.0,1.0,0,1,1,61.0,60.0,1,0.0
749,0,1,4,2.0,60.0,1.0,1.0,1,0,1,36.0,27.0,0,0.0
750,0,0,1,1.0,208.0,13.0,1.0,2,0,1,46.0,37.0,1,0.3029100529100529
751,0,1,1,1.0,80.0,3.2817460317460316,0.0,1,4,1,43.33509234828496,53.0,1,1.0
752,2,0,0,0.0,60.0,2.0,0.0,1,1,1,65.0,62.0,0,0.0
753,2,1,1,1.0,50.0,1.0,0.0,1,0,3,19.0,10.0,0,1.0
754,1,0,2,2.0,60.0,3.2817460317460316,0.0,2,3,1,46.0,41.0,1,0.0
755,0,1,1,1.0,71.4287598944591,3.0,0.0,1,0,2,67.0,67.0,0,0.0
756,0,0,1,0.0,30.0,1.0,0.0,1,3,1,33.0,25.0,1,0.0
757,2,0,1,2.0,50.0,1.0,0.0,1,0,1,53.0,44.0,1,0.0
758,2,3,2,1.0013175230566536,50.0,5.0,0.0,2,3,1,50.0,42.0,0,0.0
759,5,0,2,2.0,50.0,2.0,0.0,1,3,3,43.33509234828496,23.0,1,0.0
760,3,1,2,2.0,60.0,2.0,0.0,1,0,2,26.0,24.0,0,0.0
761,0,1,0,2.0,100.0,4.0,0.0,1,0,2,56.0,52.0,0,0.0
762,0,1,2,1.0,50.0,5.0,1.0,1,0,3,51.0,47.0,0,0.0
763,0,3,2,0.0,60.0,2.0,0.0,1,0,1,69.0,61.0,0,0.3029100529100529
764,2,1,3,2.0,50.0,3.2817460317460316,0.0,1,3,1,43.0,34.0,0,1.0
765,1,0,1,2.0,50.0,3.0,0.0,2,4,1,19.0,13.0,0,0.0
766,4,1,0,0.0,60.0,5.0,1.0,2,4,3,18.0,10.0,0,0.0
767,3,1,0,1.0,100.0,2.0,0.0,1,1,1,34.0,27.0,1,1.0
768,0,1,1,1.0,80.0,3.0,0.0,2,0,0,34.0,26.0,0,0.0
769,3,1,0,0.0,60.0,2.0,0.0,1,0,1,48.0,40.0,0,0.0
770,0,0,1,1.0,100.0,5.0,0.0,1,3,1,24.0,15.0,0,0.3029100529100529
771,4,1,3,1.0013175230566536,71.4287598944591,4.0,0.0,2,0,1,30.0,24.0,0,0.0
773,3,1,3,0.0,100.0,3.0,1.0,1,0,1,27.0,23.0,0,0.3029100529100529
774,0,0,1,0.0,30.0,3.0,0.0,2,3,1,36.0,33.0,1,0.3029100529100529
775,4,3,2,1.0,60.0,3.0,0.0,1,3,1,39.0,31.0,1,0.3029100529100529
776,1,3,0,0.0,100.0,3.0,0.0,1,0,1,66.0,62.0,1,0.0
777,0,0,2,0.0,30.0,1.0,0.0,2,1,1,34.0,27.0,3,0.3029100529100529
778,0,0,0,2.0,60.0,2.0,0.0,1,0,0,35.0,27.0,3,1.0
779,2,3,0,2.0,50.0,1.0,0.0,1,3,1,50.0,46.0,0,0.0
780,0,1,0,1.0,60.0,3.2817460317460316,0.0,1,0,1,22.0,13.0,0,0.0
781,4,0,0,0.0,60.0,1.0,0.0,1,2,2,44.0,38.0,2,1.0
782,0,3,0,0.0,80.0,5.0,0.0,2,1,1,43.33509234828496,39.06578947368421,2,0.0
783,2,0,1,0.0,71.4287598944591,3.0,0.0,2,0,2,51.0,49.0,1,1.0
784,0,1,4,1.0,50.0,2.0,0.0,2,2,1,65.0,62.0,0,0.0
785,0,1,0,0.0,80.0,1.0,0.0,1,0,1,50.0,50.0,3,1.0
786,3,4,4,0.0,80.0,2.0,0.0,1,2,1,35.0,29.0,1,1.0
787,0,0,1,0.0,60.0,2.0,0.0,1,3,1,23.0,17.0,1,0.0
788,3,3,0,2.0,100.0,4.0,0.0,1,0,1,40.0,36.0,1,1.0
789,2,0,2,1.0,120.0,3.0,1.0,1,1,4,54.0,49.0,2,1.0
790,2,1,0,0.0,80.0,5.0,0.0,1,0,3,39.0,38.0,0,0.0
791,0,1,2,1.0013175230566536,100.0,5.0,0.0,1,3,3,69.0,61.0,1,0.0
792,2,0,1,1.0,100.0,2.0,0.0,1,4,4,67.0,67.0,0,0.0
793,0,0,1,1.0013175230566536,120.0,3.0,0.0,1,4,1,25.0,17.0,0,0.0
794,0,0,1,2.0,60.0,4.0,0.0,2,4,1,66.0,60.0,0,0.0
795,0,0,0,1.0,60.0,3.0,0.0,1,2,1,67.0,65.0,0,0.0
796,2,1,3,1.0,100.0,1.0,0.0,1,2,1,53.0,53.0,0,1.0
797,0,3,0,2.0,80.0,3.0,0.0,2,4,1,36.0,31.0,1,1.0
799,2,3,0,1.0,100.0,1.0,0.0,1,0,3,43.33509234828496,16.0,1,1.0
800,4,1,3,1.0,50.0,4.0,1.0,1,2,2,68.0,64.0,0,0.0
801,0,1,0,2.0,80.0,2.0,0.0,2,4,0,24.0,22.0,1,0.0
802,2,1,2,0.0,30.0,1.0,0.0,0,0,1,69.0,62.0,0,0.0
803,0,0,0,1.0,60.0,2.0,0.0,1,2,1,57.0,55.0,0,0.0
804,2,1,3,2.0,80.0,3.0,0.0,1,4,1,53.0,51.0,0,0.0
805,1,3,1,0.0,50.0,1.0,0.0,1,0,1,23.0,17.0,1,0.0
806,2,0,0,1.0,80.0,1.0,0.0,1,3,1,43.0,42.0,0,1.0
807,3,3,3,1.0,80.0,4.0,0.0,1,2,1,48.0,39.0,0,0.0
808,0,1,4,0.0,50.0,4.0,0.0,1,3,1,58.0,56.0,1,0.0
809,4,0,0,1.0,100.0,2.0,0.0,0,3,1,68.0,62.0,1,0.0
810,0,0,0,0.0,100.0,5.0,0.0,1,1,1,33.0,31.0,0,0.0
811,0,1,0,2.0,80.0,4.0,0.0,1,2,3,31.0,27.0,0,0.0
812,1,1,0,1.0,120.0,2.0,1.0,1,0,0,46.0,40.0,1,0.0
813,3,0,1,2.0,71.4287598944591,5.0,0.0,2,0,0,19.0,17.0,3,0.0
814,5,4,2,0.0,60.0,1.0,1.0,1,1,3,28.0,20.0,3,0.0
815,0,0,0,1.0,60.0,5.0,0.0,1,0,3,23.0,14.0,1,0.0
816,2,0,4,0.0,80.0,4.0,0.0,2,1,1,33.0,30.0,1,1.0
817,2,1,3,1.0,60.0,5.0,0.0,2,0,1,27.0,22.0,0,1.0
819,1,1,1,1.0,60.0,3.0,0.0,2,1,1,61.0,56.0,0,0.0
820,1,0,0,0.0,100.0,2.0,0.0,2,2,1,37.0,37.0,0,0.0
821,4,0,4,0.0,80.0,1.0,0.0,2,1,1,57.0,48.0,0,1.0
822,2,1,0,1.0,80.0,1.0,0.0,0,0,3,24.0,23.0,2,0.0
823,0,0,0,1.0,50.0,5.0,0.0,2,0,4,25.0,18.0,1,0.0
824,0,1,0,1.0,100.0,2.0,1.0,2,3,1,56.0,51.0,0,0.0
825,0,0,0,2.0,100.0,3.0,0.0,1,0,1,21.0,12.0,0,0.0
826,2,1,0,2.0,100.0,2.0,0.0,1,3,1,43.33509234828496,60.0,1,0.0
827,0,1,1,0.0,178.0,3.2817460317460316,0.0,1,3,1,36.0,35.0,3,0.0
828,0,0,0,2.0,50.0,3.2817460317460316,0.0,2,0,1,20.0,19.0,1,0.0
829,1,0,2,1.0,80.0,3.0,0.0,2,0,1,21.0,16.0,0,0.0
830,0,1,2,1.0,100.0,2.0,0.0,2,3,1,56.0,48.0,0,1.0
831,3,1,2,0.0,30.0,2.0,1.0,2,2,4,43.33509234828496,39.0,0,0.0
833,2,3,0,0.0,71.4287598944591,4.0,0.0,2,0,1,53.0,45.0,1,0.0
834,2,0,1,0.0,60.0,3.2817460317460316,1.0,1,2,1,33.0,27.0,0,0.3029100529100529
835,0,1,3,2.0,30.0,4.0,0.0,1,0,1,23.0,15.0,1,0.0
836,2,3,1,2.0,60.0,4.0,0.0,1,0,2,52.0,46.0,1,1.0
837,1,1,1,1.0013175230566536,30.0,4.0,1.0,0,0,1,43.33509234828496,34.0,0,0.3029100529100529
838,1,1,0,2.0,60.0,3.0,0.0,1,0,1,25.0,19.0,0,0.0
839,0,1,0,1.0,60.0,4.0,0.0,1,0,2,29.0,21.0,0,0.0
